<?xml version="1.0" encoding="utf-8"?><checkstyle version="4.3"><file name="C:\Users\lenovo\Desktop\project\Code-ToTraine\wanderlust-web-service\src\app.js"><error line="1" column="17" severity="error" message="&apos;require&apos; is not defined. (no-undef)" source="eslint.rules.no-undef" /><error line="2" column="20" severity="error" message="&apos;require&apos; is not defined. (no-undef)" source="eslint.rules.no-undef" /><error line="4" column="23" severity="error" message="&apos;require&apos; is not defined. (no-undef)" source="eslint.rules.no-undef" /><error line="5" column="25" severity="error" message="&apos;require&apos; is not defined. (no-undef)" source="eslint.rules.no-undef" /><error line="6" column="20" severity="error" message="&apos;require&apos; is not defined. (no-undef)" source="eslint.rules.no-undef" /><error line="7" column="14" severity="error" message="&apos;require&apos; is not defined. (no-undef)" source="eslint.rules.no-undef" /><error line="22" column="1" severity="error" message="&apos;module&apos; is not defined. (no-undef)" source="eslint.rules.no-undef" /></file></checkstyle>